{"root":[{"assemblyName":"Unity.Netcode.Runtime","nameSpace":"Unity.Netcode","className":"NetworkUpdateLoop","methodName":"Initialize","loadTypes":4,"isUnityClass":true},{"assemblyName":"Unity.Collections","nameSpace":"Unity.Collections","className":"AllocatorManager/StackAllocator/Try_00000940$BurstDirectCall","methodName":"Initialize","loadTypes":2,"isUnityClass":true},{"assemblyName":"Unity.Collections","nameSpace":"Unity.Collections","className":"AllocatorManager/SlabAllocator/Try_0000094E$BurstDirectCall","methodName":"Initialize","loadTypes":2,"isUnityClass":true},{"assemblyName":"Unity.Collections","nameSpace":"Unity.Collections","className":"RewindableAllocator/Unity.Collections.Try_000006A5$BurstDirectCall","methodName":"Initialize","loadTypes":2,"isUnityClass":true},{"assemblyName":"Unity.Collections","nameSpace":"Unity.Collections","className":"xxHash3","methodName":"Initialize","loadTypes":2,"isUnityClass":true},{"assemblyName":"Unity.Collections","nameSpace":"Unity.Collections","className":"xxHash3/Unity.Collections._mono_to_burst_Hash64Long_000006D3$BurstDirectCall","methodName":"Initialize","loadTypes":2,"isUnityClass":true},{"assemblyName":"Unity.Collections","nameSpace":"Unity.Collections","className":"xxHash3/Unity.Collections._mono_to_burst_Hash128Long_000006D5$BurstDirectCall","methodName":"Initialize","loadTypes":2,"isUnityClass":true}]}
